class,최종
MMF 수익증권 판매에 관한 경과조치,기타
가입자격 등,기타
결산서류의 작성 등,기타
경과조치,기타
공시 및 보고서 등,기타
관련법령 등의 준용,기타
관련법령등의 준용,기타
관할법원,기타
금전차입 등의 제한,기타
기준가격 산정 및 공고,판매 및 환매
기준가격의 계산 및 공고,판매 및 환매
기준가격의 산정 및 공고,판매 및 환매
기타 운용비용 등,기타
목적 및 종류 등,기타
미수금 · 미지급금의 처리,투자신탁재산
미수금 등의 처리에 관한 경과조치,투자신탁재산
미수금 및 미지급금의 처리,투자신탁재산
미수금등의 처리,투자신탁재산
미수금등의 처리에 관한 경과조치,투자신탁재산
미수금의 처리,투자신탁재산
미수금ㆍ미지급금의 처리,투자신탁재산
미수입금 및 미지급금의 처리,투자신탁재산
반대수익자의 매수청구권,기타
반대수익자의 수익증권매수청구권,기타
발행 및 전자등록,기타
비과세 적용을 위한 주식등의 보유비율산정,기타
상환금 등의 지급,기타
상환금등의 지급,기타
서면에 의한 의결권 행사,기타
손익의 귀속 등,기타
손해배상책임,기타
수익권의 분할,수익권과 수익증권
수익권의 양도 등,수익권과 수익증권
수익자명부,수익권과 수익증권
수익자명부 및 실질수익자명부,수익권과 수익증권
"수익자에 대한 공고, 공시",기타
수익자에 대한 공시 등,기타
수익자의 우대,수익권과 수익증권
수익자총회,기타
수익자총회의 구성 및 권한,기타
수익자총회의 소집,기타
수익자총회의 연기,기타
수익자총회의 운영,기타
수익증권 판매가격의 예외,수익권과 수익증권
수익증권 판매가격의 예외 등의 폐지,수익권과 수익증권
수익증권 환매가격등의 예외,수익권과 수익증권
수익증권의 발행 및 예탁,수익권과 수익증권
수익증권의 발행 및 전자등록,수익권과 수익증권
수익증권의 양도,수익권과 수익증권
수익증권의 일부환매,수익권과 수익증권
수익증권의 재교부,수익권과 수익증권
수익증권의 전환,수익권과 수익증권
수익증권의 통장거래,수익권과 수익증권
수익증권의 판매,판매 및 환매
수익증권의 판매가격,판매 및 환매
"수익증권의 판매가격, 판매제한",판매 및 환매
수익증권의 판매가격의 예외,판매 및 환매
수익증권의 판매기준 및 판매가격,판매 및 환매
"수익증권의 판매기준·판매가격, 판매수수료 등",판매 및 환매
수익증권의 환매,판매 및 환매
수익증권의 환매연기,판매 및 환매
수익증권의 환매제한,판매 및 환매
수익증권저축,수익권과 수익증권
수익증권판매가격의 예외 적용의 폐지,수익권과 수익증권
수익증권환매가격 등의 예외 적용의 폐지,수익권과 수익증권
신용평가등급의 제한등,투자신탁재산
신탁계약기간,투자신탁재산
신탁계약의 목적,투자신탁재산
신탁계약의 변경,투자신탁재산
신탁계약의 효력 및 신탁계약기간,투자신탁재산
신탁계약의 효력발생,투자신탁재산
신탁금의 납입,투자신탁재산
신탁보수,투자신탁재산
신탁업자의 선관주의 의무,투자신탁재산
신탁업자의 업무제한 등,투자신탁재산
신탁원본의 가액 및 수익권의 총 좌수,투자신탁재산
신탁원본의 가액 및 수익증권의 총 좌수,투자신탁재산
신탁원본의 가액 및 수익증권의 총좌수,투자신탁재산
신탁재산에 관한 보고 등,투자신탁재산
신탁재산운용의 특례,투자신탁재산
약관변경에 대한 경과조치,기타
예탁 수익증권의 반환 등,수익권과 수익증권
용어의 정의,기타
운용 및 투자 제한,투자신탁재산
운용 및 투자제한,투자신탁재산
운용 및 투자제한의 예외,투자신탁재산
운용 제한,투자신탁재산
운용행위 감시 의무 등,투자신탁재산
의결권 등,기타
이익분배,기타
이익분배금 및 상환금 등의 시효 등,기타
이익분배금 및 상환금등의 시효,기타
이익분배금 및 상환금등의 시효 등,기타
이익분배금에 의한 수익증권 매수,기타
이익분배금에 의한 재투자,기타
자기집합투자증권의 취득 제한 등,기타
자산운용지시 등,투자신탁재산
자산운용지시등,투자신탁재산
적용 특례,기타
적용시한,기타
적용예외,기타
적용특례,기타
종전 가입자에 대한 경과조치,기타
준용규정,기타
집합투자기구의 명칭 등,기타
집합투자기구의 명칭 및 종류,기타
집합투자기구의 종류 및 명칭 등,기타
집합투자기구의 해지,투자신탁재산
집합투자업자 등의 책임,투자신탁재산
집합투자업자 또는 신탁업자의 변경,투자신탁재산
집합투자업자 및 신탁업자,투자신탁재산
집합투자업자 및 신탁업자 및 모투자신탁,투자신탁재산
집합투자업자 및 신탁업자의 변경,투자신탁재산
집합투자업자 및 신탁업자의 업무,투자신탁재산
"집합투자업자, 신탁업자 및 모투자신탁",투자신탁재산
집합투자재산 평가,투자신탁재산
추가 판매의 제한,기타
추가신탁,투자신탁재산
투자대상 등,투자신탁재산
투자대상자산,투자신탁재산
투자대상자산 등,투자신탁재산
투자대상자산 취득한도,투자신탁재산
투자대상자산등,투자신탁재산
투자목적,투자신탁재산
투자신탁 회계기간,투자신탁재산
투자신탁보수,투자신탁재산
투자신탁의 전환,투자신탁재산
투자신탁의 합병,투자신탁재산
투자신탁의 해지,투자신탁재산
투자신탁의 회계감사,투자신탁재산
투자신탁의 회계기간,투자신탁재산
투자신탁재산 평가,투자신탁재산
투자신탁재산의 운용,투자신탁재산
투자신탁재산의 운용 및 신탁보수에 관한 적용례,투자신탁재산
투자신탁재산의 운용비용 등,투자신탁재산
투자신탁재산의 평가,투자신탁재산
투자신탁회계기간,투자신탁재산
투자한도,투자신탁재산
판매가격,판매 및 환매
판매기준 및 판매가격,판매 및 환매
판매수수료,판매 및 환매
한도 및 제한의 예외,투자신탁재산
환매가격 및 환매방법,판매 및 환매
환매수수료,판매 및 환매
환매수수료에 대한 경과조치,판매 및 환매
환매연기,판매 및 환매
환매연기에 따른 수익증권의 일부환매 등,판매 및 환매
환매청구 및 방법 등,판매 및 환매
